INSERT INTO ROLE (ID, NAME) VALUES(1,'ADMIN');
INSERT INTO ROLE (ID, NAME) VALUES(2,'HQ');
INSERT INTO ROLE (ID, NAME) VALUES(3,'USER');

INSERT INTO STATIONTYPE (ID, NAME) VALUES(1,'AWS');
INSERT INTO STATIONTYPE (ID, NAME) VALUES(2,'ARG_A');
INSERT INTO STATIONTYPE (ID, NAME) VALUES(3,'ARG_BC');	


INSERT INTO DISTRICT (ID, CODE,NAME) VALUES(1,'null','Angul');
INSERT INTO DISTRICT (ID, CODE,NAME) VALUES(2,'null','Balangir');
INSERT INTO DISTRICT (ID, CODE,NAME) VALUES(3,'null','Balasore');
INSERT INTO DISTRICT (ID, CODE,NAME) VALUES(4,'null','Bargarh');
INSERT INTO DISTRICT (ID, CODE,NAME) VALUES(5,'null','Bhadrak');
INSERT INTO DISTRICT (ID, CODE,NAME) VALUES(6,'null','Boudh');
INSERT INTO DISTRICT (ID, CODE,NAME) VALUES(7,'null','Cuttack');

INSERT INTO BLOCK(ID,CODE, NAME,DISTRICT_ID) VALUES(1,'null','Kishorenagar',1);
INSERT INTO BLOCK(ID,CODE, NAME,DISTRICT_ID) VALUES(2,'null','Pallahara',1);
INSERT INTO BLOCK(ID,CODE, NAME,DISTRICT_ID) VALUES(3,'null','Banarpal',1);
INSERT INTO BLOCK(ID,CODE, NAME,DISTRICT_ID) VALUES(4,'null','Talcher',1);
INSERT INTO BLOCK(ID,CODE, NAME,DISTRICT_ID) VALUES(5,'null','Angul',1);
INSERT INTO BLOCK(ID,CODE, NAME,DISTRICT_ID) VALUES(6,'null','Athmallik',1);
INSERT INTO BLOCK(ID,CODE, NAME,DISTRICT_ID) VALUES(7,'null','Chhendipada',1);
INSERT INTO BLOCK(ID,CODE, NAME,DISTRICT_ID) VALUES(8,'null','Kaniha',1);
INSERT INTO BLOCK(ID,CODE, NAME,DISTRICT_ID) VALUES(9,'null','Muribahal',2);
INSERT INTO BLOCK(ID,CODE, NAME,DISTRICT_ID) VALUES(10,'null','Patnagarh',2);
INSERT INTO BLOCK(ID,CODE, NAME,DISTRICT_ID) VALUES(11,'null','Puintala',2);
INSERT INTO BLOCK(ID,CODE, NAME,DISTRICT_ID) VALUES(12,'null','Saintala',2);
INSERT INTO BLOCK(ID,CODE, NAME,DISTRICT_ID) VALUES(13,'null','Agalpur',2);
INSERT INTO BLOCK(ID,CODE, NAME,DISTRICT_ID) VALUES(14,'null','Bangomunda',2);
INSERT INTO BLOCK(ID,CODE, NAME,DISTRICT_ID) VALUES(15,'null','Belpara',2);
INSERT INTO BLOCK(ID,CODE, NAME,DISTRICT_ID) VALUES(16,'null','Bolangir',2);
INSERT INTO BLOCK(ID,CODE, NAME,DISTRICT_ID) VALUES(17,'null','Deogaon',2);
INSERT INTO BLOCK(ID,CODE, NAME,DISTRICT_ID) VALUES(18,'null','Gudvela',2);
INSERT INTO BLOCK(ID,CODE, NAME,DISTRICT_ID) VALUES(19,'null','Khaprakhol',2);
INSERT INTO BLOCK(ID,CODE, NAME,DISTRICT_ID) VALUES(20,'null','Loisingha',2);
INSERT INTO BLOCK(ID,CODE, NAME,DISTRICT_ID) VALUES(21,'null','Titilagarh',2);
INSERT INTO BLOCK(ID,CODE, NAME,DISTRICT_ID) VALUES(22,'null','Tureikela',2);
INSERT INTO BLOCK(ID,CODE, NAME,DISTRICT_ID) VALUES(23,'null','Bahanaga',3);
INSERT INTO BLOCK(ID,CODE, NAME,DISTRICT_ID) VALUES(24,'null','Baliapal',3);
INSERT INTO BLOCK(ID,CODE, NAME,DISTRICT_ID) VALUES(25,'null','Basta',3);
INSERT INTO BLOCK(ID,CODE, NAME,DISTRICT_ID) VALUES(26,'null','Bhograi',3);
INSERT INTO BLOCK(ID,CODE, NAME,DISTRICT_ID) VALUES(27,'null','Jaleswar',3);
INSERT INTO BLOCK(ID,CODE, NAME,DISTRICT_ID) VALUES(28,'null','Khaira',3);
INSERT INTO BLOCK(ID,CODE, NAME,DISTRICT_ID) VALUES(29,'null','Oupada',3);
INSERT INTO BLOCK(ID,CODE, NAME,DISTRICT_ID) VALUES(30,'null','Remuna',3);
INSERT INTO BLOCK(ID,CODE, NAME,DISTRICT_ID) VALUES(31,'null','Simulia',3);
INSERT INTO BLOCK(ID,CODE, NAME,DISTRICT_ID) VALUES(32,'null','Soro',3);
INSERT INTO BLOCK(ID,CODE, NAME,DISTRICT_ID) VALUES(33,'null','Sadar',3);
INSERT INTO BLOCK(ID,CODE, NAME,DISTRICT_ID) VALUES(34,'null','Nilgiri',3);
INSERT INTO BLOCK(ID,CODE, NAME,DISTRICT_ID) VALUES(35,'null','Ambabhona',4);
INSERT INTO BLOCK(ID,CODE, NAME,DISTRICT_ID) VALUES(36,'null','Bargarh',4);
INSERT INTO BLOCK(ID,CODE, NAME,DISTRICT_ID) VALUES(37,'null','Barpali',4);
INSERT INTO BLOCK(ID,CODE, NAME,DISTRICT_ID) VALUES(38,'null','Bhatli',4);
INSERT INTO BLOCK(ID,CODE, NAME,DISTRICT_ID) VALUES(39,'null','Bheden',4);
INSERT INTO BLOCK(ID,CODE, NAME,DISTRICT_ID) VALUES(40,'null','Bijepur',4);
INSERT INTO BLOCK(ID,CODE, NAME,DISTRICT_ID) VALUES(41,'null','Jharbandh',4);
INSERT INTO BLOCK(ID,CODE, NAME,DISTRICT_ID) VALUES(42,'null','Attabira',4);
INSERT INTO BLOCK(ID,CODE, NAME,DISTRICT_ID) VALUES(43,'null','Gaisilet',4);
INSERT INTO BLOCK(ID,CODE, NAME,DISTRICT_ID) VALUES(44,'null','Paikmal',4);
INSERT INTO BLOCK(ID,CODE, NAME,DISTRICT_ID) VALUES(45,'null','Rajborasambar',4);
INSERT INTO BLOCK(ID,CODE, NAME,DISTRICT_ID) VALUES(46,'null','Sohela',4);
INSERT INTO BLOCK(ID,CODE, NAME,DISTRICT_ID) VALUES(47,'null','Basudevpur',5);
INSERT INTO BLOCK(ID,CODE, NAME,DISTRICT_ID) VALUES(48,'null','Bhadrak',5);
INSERT INTO BLOCK(ID,CODE, NAME,DISTRICT_ID) VALUES(49,'null','Bonth',5);
INSERT INTO BLOCK(ID,CODE, NAME,DISTRICT_ID) VALUES(50,'null','Chandabali',5);
INSERT INTO BLOCK(ID,CODE, NAME,DISTRICT_ID) VALUES(51,'null','Tihidi',5);
INSERT INTO BLOCK(ID,CODE, NAME,DISTRICT_ID) VALUES(52,'null','Bhandaripokhari',5);
INSERT INTO BLOCK(ID,CODE, NAME,DISTRICT_ID) VALUES(53,'null','Dhamnagar',5);
INSERT INTO BLOCK(ID,CODE, NAME,DISTRICT_ID) VALUES(54,'null','Boudh',6);
INSERT INTO BLOCK(ID,CODE, NAME,DISTRICT_ID) VALUES(55,'null','Kantamal',6);
INSERT INTO BLOCK(ID,CODE, NAME,DISTRICT_ID) VALUES(56,'null','Harabhanga',6);
INSERT INTO BLOCK(ID,CODE, NAME,DISTRICT_ID) VALUES(57,'null','Banki',7);
INSERT INTO BLOCK(ID,CODE, NAME,DISTRICT_ID) VALUES(58,'null','Cuttack Sadar',7);
INSERT INTO BLOCK(ID,CODE, NAME,DISTRICT_ID) VALUES(59,'null','Kantapada',7);
INSERT INTO BLOCK(ID,CODE, NAME,DISTRICT_ID) VALUES(60,'null','Mahanga',7);
INSERT INTO BLOCK(ID,CODE, NAME,DISTRICT_ID) VALUES(61,'null','Niali',7);
INSERT INTO BLOCK(ID,CODE, NAME,DISTRICT_ID) VALUES(62,'null','Tigiria',7);
INSERT INTO BLOCK(ID,CODE, NAME,DISTRICT_ID) VALUES(63,'null','Tangi-Choudwar',7);
INSERT INTO BLOCK(ID,CODE, NAME,DISTRICT_ID) VALUES(64,'null','Athgarh',7);
INSERT INTO BLOCK(ID,CODE, NAME,DISTRICT_ID) VALUES(65,'null','Badamba',7);
INSERT INTO BLOCK(ID,CODE, NAME,DISTRICT_ID) VALUES(66,'null','Banki Dompada',7);
INSERT INTO BLOCK(ID,CODE, NAME,DISTRICT_ID) VALUES(67,'null','Baranga',7);
INSERT INTO BLOCK(ID,CODE, NAME,DISTRICT_ID) VALUES(68,'null','Narsinghpur',7);
INSERT INTO BLOCK(ID,CODE, NAME,DISTRICT_ID) VALUES(69,'null','Nischintakoili',7);
INSERT INTO BLOCK(ID,CODE, NAME,DISTRICT_ID) VALUES(70,'null','Salipur',7);



INSERT INTO PANCHAYAT(ID,CODE, NAME , BLOCK_ID) VALUES(1,'null','Angarbandha',1);
INSERT INTO PANCHAYAT(ID,CODE, NAME , BLOCK_ID) VALUES(2,'null','Antulia',1);
INSERT INTO PANCHAYAT(ID,CODE, NAME , BLOCK_ID) VALUES(3,'null','Badakantakul',1);
INSERT INTO PANCHAYAT(ID,CODE, NAME , BLOCK_ID) VALUES(4,'null','Badakera',1);
 